score	relative	size	hits	path	snippet
16	ARCHIVOS\PLANTILLAS\MAESTRO_ORIGINAL\00_PROJECT_CONTROL\PROJECT_GRAPH_VIEW_SELECTOR.md	489	vista=5;path_control=5;path_plantilla=2;path_maestro_original=4	C:\Users\pc\Desktop\ENGREMIAT_OPERATOR\ENGREMIAT_PROJECT_p3_20260619-224903\ARCHIVOS\PLANTILLAS\MAESTRO_ORIGINAL\00_PROJECT_CONTROL\PROJECT_GRAPH_VIEW_SELECTOR.md	
12	ARCHIVOS\PLANTILLAS\MAESTRO_ORIGINAL\00_LAB_CONTROL\LAB_STATUS.md	733	control=1;path_control=5;path_plantilla=2;path_maestro_original=4	C:\Users\pc\Desktop\ENGREMIAT_OPERATOR\ENGREMIAT_PROJECT_p3_20260619-224903\ARCHIVOS\PLANTILLAS\MAESTRO_ORIGINAL\00_LAB_CONTROL\LAB_STATUS.md	## Ruido visual  - md_files: `  50  `  - canvas_files: `  7  `  - decision: `  OK_LAB_V1_VISUAL_NOISE_ACCEPTABLE  `    ## Siguiente  `  PAUSE_AND_DECIDE_NEXT_SIMULATION_OR_REAL_CONTROLLED_TASK  `
12	ARCHIVOS\PLANTILLAS\MAESTRO_ORIGINAL\00_LAB_CONTROL\SIMULATION_LAB_V1_CLOSE.md	788	control=1;path_control=5;path_plantilla=2;path_maestro_original=4	C:\Users\pc\Desktop\ENGREMIAT_OPERATOR\ENGREMIAT_PROJECT_p3_20260619-224903\ARCHIVOS\PLANTILLAS\MAESTRO_ORIGINAL\00_LAB_CONTROL\SIMULATION_LAB_V1_CLOSE.md	ejecutar piezas reales sensibles, probar objetivo, tareas, gates y evidencias dentro del Simulation Lab.    ## Proximo uso recomendado  Simular un ciclo mas realista con una tarea controlada o conectar un worker local fake con entrada/salida estructurada, todavia sin acciones reales.
12	ARCHIVOS\PLANTILLAS\MAESTRO_ORIGINAL\PROJECT_HOME.md	1804	control=6;path_plantilla=2;path_maestro_original=4	C:\Users\pc\Desktop\ENGREMIAT_OPERATOR\ENGREMIAT_PROJECT_p3_20260619-224903\ARCHIVOS\PLANTILLAS\MAESTRO_ORIGINAL\PROJECT_HOME.md	solidacion de ENGREMIAT. Simula objetivos, roadmaps, tareas, workers, gates humanos, evidencias, resultados y aprendizaje sin ejecutar workers reales.    ## Navegacion  - [[00_LAB_CONTROL/LAB_STATUS]]  - [[00_LAB_CONTROL/SIMULATION_CYCLE]]  - [[01_OBJECTIVES/OBJECTIVES_INDEX]]  - [[02_ROADMAPS/ROADMAPS_INDEX]]  - [[03_SIMULATED_TASKS/SIMULATED_TASKS_INDEX]]  - [[04_SIMULATED_WORKERS/SIMULATED_WORKERS_INDEX]]  - [[05_HUMAN_GATES/HUMAN_GATES_INDEX]]  - [[06_DECISIONS/DECISIONS_INDEX]]  - [[07_EVIDENCE/EVIDENCE_INDEX]]  - [[08_RESULTS/RESULTS_INDEX]]  - [[09_LEARNING/LEARNING_INDEX]]  - [[10_CANV
11	ARCHIVOS\PLANTILLAS\MAESTRO_ORIGINAL\00_LAB_CONTROL\SIM_PROJECT_20260619-144124_HUMAN_REVIEW.md	444	path_control=5;path_plantilla=2;path_maestro_original=4	C:\Users\pc\Desktop\ENGREMIAT_OPERATOR\ENGREMIAT_PROJECT_p3_20260619-224903\ARCHIVOS\PLANTILLAS\MAESTRO_ORIGINAL\00_LAB_CONTROL\SIM_PROJECT_20260619-144124_HUMAN_REVIEW.md	
11	ARCHIVOS\PLANTILLAS\MAESTRO_ORIGINAL\00_LAB_CONTROL\SIMULATION_CYCLE.md	427	path_control=5;path_plantilla=2;path_maestro_original=4	C:\Users\pc\Desktop\ENGREMIAT_OPERATOR\ENGREMIAT_PROJECT_p3_20260619-224903\ARCHIVOS\PLANTILLAS\MAESTRO_ORIGINAL\00_LAB_CONTROL\SIMULATION_CYCLE.md	
11	ARCHIVOS\PLANTILLAS\MAESTRO_ORIGINAL\00_PROJECT_CONTROL\PROJECT_STATUS.md	209	path_control=5;path_plantilla=2;path_maestro_original=4	C:\Users\pc\Desktop\ENGREMIAT_OPERATOR\ENGREMIAT_PROJECT_p3_20260619-224903\ARCHIVOS\PLANTILLAS\MAESTRO_ORIGINAL\00_PROJECT_CONTROL\PROJECT_STATUS.md	
11	ARCHIVOS\PLANTILLAS\MAESTRO_ORIGINAL\00_LAB_CONTROL\OBJECT_MODEL_REGISTRY.md	503	path_control=5;path_plantilla=2;path_maestro_original=4	C:\Users\pc\Desktop\ENGREMIAT_OPERATOR\ENGREMIAT_PROJECT_p3_20260619-224903\ARCHIVOS\PLANTILLAS\MAESTRO_ORIGINAL\00_LAB_CONTROL\OBJECT_MODEL_REGISTRY.md	
11	ARCHIVOS\PLANTILLAS\MAESTRO_ORIGINAL\00_LAB_CONTROL\CYCLE_RUN_001.md	706	path_control=5;path_plantilla=2;path_maestro_original=4	C:\Users\pc\Desktop\ENGREMIAT_OPERATOR\ENGREMIAT_PROJECT_p3_20260619-224903\ARCHIVOS\PLANTILLAS\MAESTRO_ORIGINAL\00_LAB_CONTROL\CYCLE_RUN_001.md	
11	ARCHIVOS\PLANTILLAS\MAESTRO_ORIGINAL\00_LAB_CONTROL\CYCLE_RUN_001_FINAL_STATUS.md	637	path_control=5;path_plantilla=2;path_maestro_original=4	C:\Users\pc\Desktop\ENGREMIAT_OPERATOR\ENGREMIAT_PROJECT_p3_20260619-224903\ARCHIVOS\PLANTILLAS\MAESTRO_ORIGINAL\00_LAB_CONTROL\CYCLE_RUN_001_FINAL_STATUS.md	
8	ARCHIVOS\PLANTILLAS\MAESTRO_ORIGINAL\02_ROADMAPS\ROADMAP_MODEL.md	398	control=1;bloques=1;path_plantilla=2;path_maestro_original=4	C:\Users\pc\Desktop\ENGREMIAT_OPERATOR\ENGREMIAT_PROJECT_p3_20260619-224903\ARCHIVOS\PLANTILLAS\MAESTRO_ORIGINAL\02_ROADMAPS\ROADMAP_MODEL.md	, bloques y pasos propuestos por el sistema.    ## Campos requeridos  - id  - objective_id  - steps  - status  - approval_gate    ## Relacion  - [[../PROJECT_HOME]]  - [[../00_LAB_CONTROL/SIMULATION_CYCLE]]
8	BOVEDA_PROYECTO\00_PLANTILLA_MAESTRA_OFICIAL\00_CONTROL\project.template.json	1455	control=1;path_control=5;path_plantilla=2	C:\Users\pc\Desktop\ENGREMIAT_OPERATOR\ENGREMIAT_PROJECT_p3_20260619-224903\BOVEDA_PROYECTO\00_PLANTILLA_MAESTRA_OFICIAL\00_CONTROL\project.template.json	y":  "designed_from_rich_sources_not_literal_copy",      "short_path_staging":  true,      "required_dirs":  [                            "00_HOME",                            "00_CONTROL",                            "01_OBJETIVO",                            "02_ROADMAP",                            "03_MODULOS",                            "03_MODULOS\\EJEMPLOS_MODULOS_REALES",                            "04_TAREAS",                            "05_GATES_HUMANOS",                            "06_EVIDENCIAS",                            "07_WORKERS",                            "08_RESULTADOS",
8	BOVEDA_PROYECTO\00_PLANTILLA_MAESTRA_OFICIAL\99_ARCHIVO_ORIGEN\PROJECT_HOME_ORIGINAL.md	1804	control=6;path_plantilla=2	C:\Users\pc\Desktop\ENGREMIAT_OPERATOR\ENGREMIAT_PROJECT_p3_20260619-224903\BOVEDA_PROYECTO\00_PLANTILLA_MAESTRA_OFICIAL\99_ARCHIVO_ORIGEN\PROJECT_HOME_ORIGINAL.md	solidacion de ENGREMIAT. Simula objetivos, roadmaps, tareas, workers, gates humanos, evidencias, resultados y aprendizaje sin ejecutar workers reales.    ## Navegacion  - [[00_LAB_CONTROL/LAB_STATUS]]  - [[00_LAB_CONTROL/SIMULATION_CYCLE]]  - [[01_OBJECTIVES/OBJECTIVES_INDEX]]  - [[02_ROADMAPS/ROADMAPS_INDEX]]  - [[03_SIMULATED_TASKS/SIMULATED_TASKS_INDEX]]  - [[04_SIMULATED_WORKERS/SIMULATED_WORKERS_INDEX]]  - [[05_HUMAN_GATES/HUMAN_GATES_INDEX]]  - [[06_DECISIONS/DECISIONS_INDEX]]  - [[07_EVIDENCE/EVIDENCE_INDEX]]  - [[08_RESULTS/RESULTS_INDEX]]  - [[09_LEARNING/LEARNING_INDEX]]  - [[10_CANV
8	MODULOS\MODULE_inicio\BOVEDA_MODULO\00_PLANTILLA_MAESTRA_REFERENCIA\00_CONTROL\module.json	625	control=1;path_control=5;path_plantilla=2	C:\Users\pc\Desktop\ENGREMIAT_OPERATOR\ENGREMIAT_PROJECT_p3_20260619-224903\MODULOS\MODULE_inicio\BOVEDA_MODULO\00_PLANTILLA_MAESTRA_REFERENCIA\00_CONTROL\module.json	IVE",      "created_at":  "{{CREATED_AT}}",      "vault":  "BOVEDA_MODULO",      "contract_version":  "operator-module-v1",      "required_dirs":  [                            "00_CONTROL",                            "01_OBJ",                            "02_TASKS",                            "03_EVID",                            "04_GATES",                            "10_CANVAS"                        ],      "template_source":  "00_PLANTILLA_MAESTRA_REFERENCIA"  }
7	ARCHIVOS\PLANTILLAS\MAESTRO_ORIGINAL\06_DECISIONS\DECISIONS_INDEX.md	250	control=1;path_plantilla=2;path_maestro_original=4	C:\Users\pc\Desktop\ENGREMIAT_OPERATOR\ENGREMIAT_PROJECT_p3_20260619-224903\ARCHIVOS\PLANTILLAS\MAESTRO_ORIGINAL\06_DECISIONS\DECISIONS_INDEX.md	ctive  tags:    - engremiat/simulation    - engremiat/lab  ---  #   DECISIONS_INDEX    ## Funcion  Decisiones del laboratorio.    ## Relacion  - [[../PROJECT_HOME]]  - [[../00_LAB_CONTROL/SIMULATION_CYCLE]]
7	ARCHIVOS\PLANTILLAS\MAESTRO_ORIGINAL\05_HUMAN_GATES\HUMAN_GATE_MODEL.md	402	control=1;path_plantilla=2;path_maestro_original=4	C:\Users\pc\Desktop\ENGREMIAT_OPERATOR\ENGREMIAT_PROJECT_p3_20260619-224903\ARCHIVOS\PLANTILLAS\MAESTRO_ORIGINAL\05_HUMAN_GATES\HUMAN_GATE_MODEL.md	o de decision humana antes de avanzar.    ## Campos requeridos  - id  - target_id  - question  - options  - decision  - status    ## Relacion  - [[../PROJECT_HOME]]  - [[../00_LAB_CONTROL/SIMULATION_CYCLE]]
7	ARCHIVOS\PLANTILLAS\MAESTRO_ORIGINAL\07_EVIDENCE\EVIDENCE_INDEX.md	306	control=1;path_plantilla=2;path_maestro_original=4	C:\Users\pc\Desktop\ENGREMIAT_OPERATOR\ENGREMIAT_PROJECT_p3_20260619-224903\ARCHIVOS\PLANTILLAS\MAESTRO_ORIGINAL\07_EVIDENCE\EVIDENCE_INDEX.md	s:    - engremiat/simulation    - engremiat/lab  ---  #   EVIDENCE_INDEX    ## Funcion  Evidencias simuladas y verificaciones.    ## Relacion  - [[../PROJECT_HOME]]  - [[../00_LAB_CONTROL/SIMULATION_CYCLE]]    ## Modelo de objeto  - [[EVIDENCE_MODEL]]
7	ARCHIVOS\PLANTILLAS\MAESTRO_ORIGINAL\03_SIMULATED_TASKS\SIM_PROJECT_20260619-152304_prueba1\T01_Definir_alcance_operativo.md	251	operativo=1;path_plantilla=2;path_maestro_original=4	C:\Users\pc\Desktop\ENGREMIAT_OPERATOR\ENGREMIAT_PROJECT_p3_20260619-224903\ARCHIVOS\PLANTILLAS\MAESTRO_ORIGINAL\03_SIMULATED_TASKS\SIM_PROJECT_20260619-152304_prueba1\T01_Definir_alcance_operativo.md	
7	ARCHIVOS\PLANTILLAS\MAESTRO_ORIGINAL\07_EVIDENCE\EVIDENCE_MODEL.md	386	control=1;path_plantilla=2;path_maestro_original=4	C:\Users\pc\Desktop\ENGREMIAT_OPERATOR\ENGREMIAT_PROJECT_p3_20260619-224903\ARCHIVOS\PLANTILLAS\MAESTRO_ORIGINAL\07_EVIDENCE\EVIDENCE_MODEL.md	presenta evidencias simuladas y su validacion.    ## Campos requeridos  - id  - source  - summary  - path  - validation_status    ## Relacion  - [[../PROJECT_HOME]]  - [[../00_LAB_CONTROL/SIMULATION_CYCLE]]
7	ARCHIVOS\PLANTILLAS\MAESTRO_ORIGINAL\05_HUMAN_GATES\HUMAN_GATES_INDEX.md	615	control=1;path_plantilla=2;path_maestro_original=4	C:\Users\pc\Desktop\ENGREMIAT_OPERATOR\ENGREMIAT_PROJECT_p3_20260619-224903\ARCHIVOS\PLANTILLAS\MAESTRO_ORIGINAL\05_HUMAN_GATES\HUMAN_GATES_INDEX.md	ctive  tags:    - engremiat/simulation    - engremiat/lab  ---  #   HUMAN_GATES_INDEX    ## Funcion  Gates de decision humana.    ## Relacion  - [[../PROJECT_HOME]]  - [[../00_LAB_CONTROL/SIMULATION_CYCLE]]    ## Modelo de objeto  - [[HUMAN_GATE_MODEL]]    ## Gate escenario 001  - [[GATE_001_APPROVE_ROADMAP]]    ## Gate final escenario 001  - [[GATE_002_ACCEPT_SIMULATED_RESULT]]    ## Gate inicio proyecto simulado  - [[SIM_PROJECT_20260619-144124_GATE_APPROVE_ROADMAP]]    ## Gate validar resultado proyecto  - [[SIM_PROJECT_20260619-144124_GATE_VALIDATE_RESULT]]
7	ARCHIVOS\PLANTILLAS\MAESTRO_ORIGINAL\03_SIMULATED_TASKS\TASK_MODEL.md	400	control=1;path_plantilla=2;path_maestro_original=4	C:\Users\pc\Desktop\ENGREMIAT_OPERATOR\ENGREMIAT_PROJECT_p3_20260619-224903\ARCHIVOS\PLANTILLAS\MAESTRO_ORIGINAL\03_SIMULATED_TASKS\TASK_MODEL.md	a derivada del roadmap.    ## Campos requeridos  - id  - roadmap_id  - title  - status  - assigned_worker  - expected_evidence    ## Relacion  - [[../PROJECT_HOME]]  - [[../00_LAB_CONTROL/SIMULATION_CYCLE]]
7	ARCHIVOS\PLANTILLAS\MAESTRO_ORIGINAL\03_SIMULATED_TASKS\SIM_PROJECT_20260619-152304_prueba1\T02_Preparar_roadmap_inicial.md	243	ordenar=1;path_plantilla=2;path_maestro_original=4	C:\Users\pc\Desktop\ENGREMIAT_OPERATOR\ENGREMIAT_PROJECT_p3_20260619-224903\ARCHIVOS\PLANTILLAS\MAESTRO_ORIGINAL\03_SIMULATED_TASKS\SIM_PROJECT_20260619-152304_prueba1\T02_Preparar_roadmap_inicial.md	
7	ARCHIVOS\PLANTILLAS\MAESTRO_ORIGINAL\04_SIMULATED_WORKERS\SIMULATED_WORKERS_INDEX.md	334	control=1;path_plantilla=2;path_maestro_original=4	C:\Users\pc\Desktop\ENGREMIAT_OPERATOR\ENGREMIAT_PROJECT_p3_20260619-224903\ARCHIVOS\PLANTILLAS\MAESTRO_ORIGINAL\04_SIMULATED_WORKERS\SIMULATED_WORKERS_INDEX.md	/simulation    - engremiat/lab  ---  #   SIMULATED_WORKERS_INDEX    ## Funcion  Workers simulados y sus capacidades ficticias.    ## Relacion  - [[../PROJECT_HOME]]  - [[../00_LAB_CONTROL/SIMULATION_CYCLE]]    ## Modelo de objeto  - [[SIM_WORKER_MODEL]]
7	ARCHIVOS\PLANTILLAS\MAESTRO_ORIGINAL\04_SIMULATED_WORKERS\RUNS\RUN_001_SIM_WORKER_PLANNER.md	661	prioridad=1;path_plantilla=2;path_maestro_original=4	C:\Users\pc\Desktop\ENGREMIAT_OPERATOR\ENGREMIAT_PROJECT_p3_20260619-224903\ARCHIVOS\PLANTILLAS\MAESTRO_ORIGINAL\04_SIMULATED_WORKERS\RUNS\RUN_001_SIM_WORKER_PLANNER.md	
7	ARCHIVOS\PLANTILLAS\MAESTRO_ORIGINAL\04_SIMULATED_WORKERS\SIM_WORKER_MODEL.md	398	control=1;path_plantilla=2;path_maestro_original=4	C:\Users\pc\Desktop\ENGREMIAT_OPERATOR\ENGREMIAT_PROJECT_p3_20260619-224903\ARCHIVOS\PLANTILLAS\MAESTRO_ORIGINAL\04_SIMULATED_WORKERS\SIM_WORKER_MODEL.md	enta un worker ficticio y sus capacidades simuladas.    ## Campos requeridos  - id  - name  - capabilities  - limits  - status    ## Relacion  - [[../PROJECT_HOME]]  - [[../00_LAB_CONTROL/SIMULATION_CYCLE]]
7	ARCHIVOS\PLANTILLAS\MAESTRO_ORIGINAL\07_EVIDENCE\EV_001_SCOPE_NOTE.md	533	prioridad=1;path_plantilla=2;path_maestro_original=4	C:\Users\pc\Desktop\ENGREMIAT_OPERATOR\ENGREMIAT_PROJECT_p3_20260619-224903\ARCHIVOS\PLANTILLAS\MAESTRO_ORIGINAL\07_EVIDENCE\EV_001_SCOPE_NOTE.md	
7	BOVEDA_PROYECTO\00_PLANTILLA_MAESTRA_OFICIAL\00_CONTROL\project.json	330	path_control=5;path_plantilla=2	C:\Users\pc\Desktop\ENGREMIAT_OPERATOR\ENGREMIAT_PROJECT_p3_20260619-224903\BOVEDA_PROYECTO\00_PLANTILLA_MAESTRA_OFICIAL\00_CONTROL\project.json	
7	ARCHIVOS\PLANTILLAS\MAESTRO_ORIGINAL\10_CANVAS\SIMULATION_OBJECT_MODEL_CANVAS.canvas	5429	control=1;path_plantilla=2;path_maestro_original=4	C:\Users\pc\Desktop\ENGREMIAT_OPERATOR\ENGREMIAT_PROJECT_p3_20260619-224903\ARCHIVOS\PLANTILLAS\MAESTRO_ORIGINAL\10_CANVAS\SIMULATION_OBJECT_MODEL_CANVAS.canvas	{      "nodes":  [                    {                        "id":  "registry",                        "type":  "file",                        "file":  "00_LAB_CONTROL/OBJECT_MODEL_REGISTRY.md",                        "x":  0,                        "y":  0,                        "width":  360,                        "height":  150,                        "color":  "1"                    },                    {                        "id":  "m1",                        "type":  "file",                        "file":  "01_OBJECTIVES/OBJECTIVE_MODEL.md",                        "x":  -900,
7	BOVEDA_PROYECTO\00_PLANTILLA_MAESTRA_OFICIAL\00_CONTROL\template-source.json	551	path_control=5;path_plantilla=2	C:\Users\pc\Desktop\ENGREMIAT_OPERATOR\ENGREMIAT_PROJECT_p3_20260619-224903\BOVEDA_PROYECTO\00_PLANTILLA_MAESTRA_OFICIAL\00_CONTROL\template-source.json	
7	MODULOS\MODULE_inicio\BOVEDA_MODULO\00_PLANTILLA_MAESTRA_REFERENCIA\00_CONTROL\module.template.json	597	path_control=5;path_plantilla=2	C:\Users\pc\Desktop\ENGREMIAT_OPERATOR\ENGREMIAT_PROJECT_p3_20260619-224903\MODULOS\MODULE_inicio\BOVEDA_MODULO\00_PLANTILLA_MAESTRA_REFERENCIA\00_CONTROL\module.template.json	
7	MODULOS\MODULE_mejorar-plantilla-maestra-y-pantilla-modulo-inicial\BOVEDA_MODULO\00_CONTROL\module.json	1056	path_control=5;path_plantilla=2	C:\Users\pc\Desktop\ENGREMIAT_OPERATOR\ENGREMIAT_PROJECT_p3_20260619-224903\MODULOS\MODULE_mejorar-plantilla-maestra-y-pantilla-modulo-inicial\BOVEDA_MODULO\00_CONTROL\module.json	
7	ARCHIVOS\PLANTILLAS\MAESTRO_ORIGINAL\10_CANVAS\LEARNING_ACCEPTED_CYCLE_CANVAS.canvas	2435	control=1;path_plantilla=2;path_maestro_original=4	C:\Users\pc\Desktop\ENGREMIAT_OPERATOR\ENGREMIAT_PROJECT_p3_20260619-224903\ARCHIVOS\PLANTILLAS\MAESTRO_ORIGINAL\10_CANVAS\LEARNING_ACCEPTED_CYCLE_CANVAS.canvas	"color":  "6"                    },                    {                        "id":  "final",                        "type":  "file",                        "file":  "00_LAB_CONTROL/CYCLE_RUN_001_FINAL_STATUS.md",                        "x":  840,                        "y":  0,                        "width":  360,                        "height":  160,                        "color":  "1"                    }                ],      "edges":  [                    {                        "id":  "e1",                        "fromNode":  "gate",                        "fromSide":  "right"
7	ARCHIVOS\PLANTILLAS\MAESTRO_ORIGINAL\08_RESULTS\RESULT_MODEL.md	382	control=1;path_plantilla=2;path_maestro_original=4	C:\Users\pc\Desktop\ENGREMIAT_OPERATOR\ENGREMIAT_PROJECT_p3_20260619-224903\ARCHIVOS\PLANTILLAS\MAESTRO_ORIGINAL\08_RESULTS\RESULT_MODEL.md	esenta el resultado simulado de una tarea o ciclo.    ## Campos requeridos  - id  - source_task  - summary  - accepted  - next    ## Relacion  - [[../PROJECT_HOME]]  - [[../00_LAB_CONTROL/SIMULATION_CYCLE]]
7	ARCHIVOS\PLANTILLAS\MAESTRO_ORIGINAL\08_RESULTS\RESULTS_INDEX.md	524	control=1;path_plantilla=2;path_maestro_original=4	C:\Users\pc\Desktop\ENGREMIAT_OPERATOR\ENGREMIAT_PROJECT_p3_20260619-224903\ARCHIVOS\PLANTILLAS\MAESTRO_ORIGINAL\08_RESULTS\RESULTS_INDEX.md	tatus: active  tags:    - engremiat/simulation    - engremiat/lab  ---  #   RESULTS_INDEX    ## Funcion  Resultados simulados.    ## Relacion  - [[../PROJECT_HOME]]  - [[../00_LAB_CONTROL/SIMULATION_CYCLE]]    ## Modelo de objeto  - [[RESULT_MODEL]]    ## Resultado escenario 001  - [[SCENARIO_001_visual_task_management_module/RESULT_001_SCENARIO_STATUS]]    ## Resultado worker simulado escenario 001  - [[SCENARIO_001_visual_task_management_module/RESULT_002_WORKER_SIMULATION_OUTPUT]]
7	ARCHIVOS\PLANTILLAS\MAESTRO_ORIGINAL\09_LEARNING\LEARNING_002_SIMULATION_CYCLE_ACCEPTED.md	874	control=1;path_plantilla=2;path_maestro_original=4	C:\Users\pc\Desktop\ENGREMIAT_OPERATOR\ENGREMIAT_PROJECT_p3_20260619-224903\ARCHIVOS\PLANTILLAS\MAESTRO_ORIGINAL\09_LEARNING\LEARNING_002_SIMULATION_CYCLE_ACCEPTED.md	banco de pruebas permanente para cada nuevo modulo importante de ENGREMIAT.    ## Siguiente  Cerrar v1 y decidir si el proximo ciclo simula un worker mas realista o una tarea real controlada.
7	ARCHIVOS\PLANTILLAS\MAESTRO_ORIGINAL\10_CANVAS\CYCLE_RUN_001_CANVAS.canvas	4309	control=1;path_plantilla=2;path_maestro_original=4	C:\Users\pc\Desktop\ENGREMIAT_OPERATOR\ENGREMIAT_PROJECT_p3_20260619-224903\ARCHIVOS\PLANTILLAS\MAESTRO_ORIGINAL\10_CANVAS\CYCLE_RUN_001_CANVAS.canvas	"color":  "3"                    },                    {                        "id":  "cycle",                        "type":  "file",                        "file":  "00_LAB_CONTROL/CYCLE_RUN_001.md",                        "x":  760,                        "y":  0,                        "width":  340,                        "height":  150,                        "color":  "6"                    }                ],      "edges":  [                    {                        "id":  "e1",                        "fromNode":  "objective",                        "fromSide":  "right",
7	ARCHIVOS\PLANTILLAS\MAESTRO_ORIGINAL\09_LEARNING\LEARNING_INDEX.md	446	control=1;path_plantilla=2;path_maestro_original=4	C:\Users\pc\Desktop\ENGREMIAT_OPERATOR\ENGREMIAT_PROJECT_p3_20260619-224903\ARCHIVOS\PLANTILLAS\MAESTRO_ORIGINAL\09_LEARNING\LEARNING_INDEX.md	tags:    - engremiat/simulation    - engremiat/lab  ---  #   LEARNING_INDEX    ## Funcion  Aprendizajes y ajustes del sistema.    ## Relacion  - [[../PROJECT_HOME]]  - [[../00_LAB_CONTROL/SIMULATION_CYCLE]]    ## Modelo de objeto  - [[LEARNING_MODEL]]    ## Learning escenario 001  - [[LEARNING_001_SCENARIO_SETUP]]    ## Aprendizaje ciclo aceptado  - [[LEARNING_002_SIMULATION_CYCLE_ACCEPTED]]
7	ARCHIVOS\PLANTILLAS\MAESTRO_ORIGINAL\01_OBJECTIVES\OBJ_001_VISUAL_TASK_MANAGEMENT_MODULE.md	775	control=1;path_plantilla=2;path_maestro_original=4	C:\Users\pc\Desktop\ENGREMIAT_OPERATOR\ENGREMIAT_PROJECT_p3_20260619-224903\ARCHIVOS\PLANTILLAS\MAESTRO_ORIGINAL\01_OBJECTIVES\OBJ_001_VISUAL_TASK_MANAGEMENT_MODULE.md	aprendizaje.    ## Decision humana simulada  `APPROVE_SIMULATED`    ## Resultado esperado  Un ciclo simulado completo y navegable sin ejecucion real.    ## Relacion  - [[../00_LAB_CONTROL/SIMULATION_CYCLE]]  - [[../02_ROADMAPS/ROADMAP_001_VISUAL_TASK_MANAGEMENT_MODULE]]  - [[../05_HUMAN_GATES/GATE_001_APPROVE_ROADMAP]]
7	ARCHIVOS\PLANTILLAS\MAESTRO_ORIGINAL\03_SIMULATED_TASKS\SIMULATED_TASKS_INDEX.md	517	control=1;path_plantilla=2;path_maestro_original=4	C:\Users\pc\Desktop\ENGREMIAT_OPERATOR\ENGREMIAT_PROJECT_p3_20260619-224903\ARCHIVOS\PLANTILLAS\MAESTRO_ORIGINAL\03_SIMULATED_TASKS\SIMULATED_TASKS_INDEX.md	/simulation    - engremiat/lab  ---  #   SIMULATED_TASKS_INDEX    ## Funcion  Tareas simuladas asignables a workers ficticios.    ## Relacion  - [[../PROJECT_HOME]]  - [[../00_LAB_CONTROL/SIMULATION_CYCLE]]    ## Modelo de objeto  - [[TASK_MODEL]]    ## Tareas escenario 001  - [[TASK_001_DEFINE_MODULE_SCOPE]]    ## Tareas escenario 001  - [[TASK_002_CREATE_VISUAL_STRUCTURE]]    ## Tareas escenario 001  - [[TASK_003_VALIDATE_EVIDENCE]]
7	ARCHIVOS\PLANTILLAS\MAESTRO_ORIGINAL\02_ROADMAPS\ROADMAPS_INDEX.md	473	control=1;path_plantilla=2;path_maestro_original=4	C:\Users\pc\Desktop\ENGREMIAT_OPERATOR\ENGREMIAT_PROJECT_p3_20260619-224903\ARCHIVOS\PLANTILLAS\MAESTRO_ORIGINAL\02_ROADMAPS\ROADMAPS_INDEX.md	engremiat/simulation    - engremiat/lab  ---  #   ROADMAPS_INDEX    ## Funcion  Roadmaps simulados generados desde objetivos.    ## Relacion  - [[../PROJECT_HOME]]  - [[../00_LAB_CONTROL/SIMULATION_CYCLE]]    ## Modelo de objeto  - [[ROADMAP_MODEL]]    ## Roadmap escenario 001  - [[ROADMAP_001_VISUAL_TASK_MANAGEMENT_MODULE]]    ## Roadmap proyecto simulado  - [[SIM_PROJECT_20260619-144124_ROADMAP_PROPOSAL]]
7	ARCHIVOS\PLANTILLAS\MAESTRO_ORIGINAL\01_OBJECTIVES\OBJECTIVE_MODEL.md	410	control=1;path_plantilla=2;path_maestro_original=4	C:\Users\pc\Desktop\ENGREMIAT_OPERATOR\ENGREMIAT_PROJECT_p3_20260619-224903\ARCHIVOS\PLANTILLAS\MAESTRO_ORIGINAL\01_OBJECTIVES\OBJECTIVE_MODEL.md	humano inicial y su estado de aprobacion.    ## Campos requeridos  - id  - title  - intent  - status  - human_decision  - next    ## Relacion  - [[../PROJECT_HOME]]  - [[../00_LAB_CONTROL/SIMULATION_CYCLE]]
7	ARCHIVOS\PLANTILLAS\MAESTRO_ORIGINAL\09_LEARNING\LEARNING_MODEL.md	398	control=1;path_plantilla=2;path_maestro_original=4	C:\Users\pc\Desktop\ENGREMIAT_OPERATOR\ENGREMIAT_PROJECT_p3_20260619-224903\ARCHIVOS\PLANTILLAS\MAESTRO_ORIGINAL\09_LEARNING\LEARNING_MODEL.md	endizaje del ciclo y ajuste del objetivo.    ## Campos requeridos  - id  - source_cycle  - lesson  - impact  - next_adjustment    ## Relacion  - [[../PROJECT_HOME]]  - [[../00_LAB_CONTROL/SIMULATION_CYCLE]]
7	ARCHIVOS\PLANTILLAS\MAESTRO_ORIGINAL\01_OBJECTIVES\OBJECTIVES_INDEX.md	459	control=1;path_plantilla=2;path_maestro_original=4	C:\Users\pc\Desktop\ENGREMIAT_OPERATOR\ENGREMIAT_PROJECT_p3_20260619-224903\ARCHIVOS\PLANTILLAS\MAESTRO_ORIGINAL\01_OBJECTIVES\OBJECTIVES_INDEX.md	s:    - engremiat/simulation    - engremiat/lab  ---  #   OBJECTIVES_INDEX    ## Funcion  Objetivos simulados del laboratorio.    ## Relacion  - [[../PROJECT_HOME]]  - [[../00_LAB_CONTROL/SIMULATION_CYCLE]]    ## Modelo de objeto  - [[OBJECTIVE_MODEL]]    ## Objetivo escenario 001  - [[OBJ_001_VISUAL_TASK_MANAGEMENT_MODULE]]    ## Inicio de proyecto simulado  - [[SIM_PROJECT_20260619-144124_INTAKE]]
6	ARCHIVOS\PLANTILLAS\MAESTRO_ORIGINAL\08_RESULTS\SCENARIO_001_visual_task_management_module\RESULT_001_SCENARIO_STATUS.md	384	path_plantilla=2;path_maestro_original=4	C:\Users\pc\Desktop\ENGREMIAT_OPERATOR\ENGREMIAT_PROJECT_p3_20260619-224903\ARCHIVOS\PLANTILLAS\MAESTRO_ORIGINAL\08_RESULTS\SCENARIO_001_visual_task_management_module\RESULT_001_SCENARIO_STATUS.md	
6	ARCHIVOS\PLANTILLAS\MAESTRO_ORIGINAL\09_LEARNING\LEARNING_001_SCENARIO_SETUP.md	376	path_plantilla=2;path_maestro_original=4	C:\Users\pc\Desktop\ENGREMIAT_OPERATOR\ENGREMIAT_PROJECT_p3_20260619-224903\ARCHIVOS\PLANTILLAS\MAESTRO_ORIGINAL\09_LEARNING\LEARNING_001_SCENARIO_SETUP.md	
6	ARCHIVOS\PLANTILLAS\MAESTRO_ORIGINAL\08_RESULTS\SIM_PROJECT_20260619-144124\RESULT_PROJECT_START_SIMULATION.md	802	path_plantilla=2;path_maestro_original=4	C:\Users\pc\Desktop\ENGREMIAT_OPERATOR\ENGREMIAT_PROJECT_p3_20260619-224903\ARCHIVOS\PLANTILLAS\MAESTRO_ORIGINAL\08_RESULTS\SIM_PROJECT_20260619-144124\RESULT_PROJECT_START_SIMULATION.md	
6	ARCHIVOS\PLANTILLAS\MAESTRO_ORIGINAL\08_RESULTS\SCENARIO_001_visual_task_management_module\RESULT_002_WORKER_SIMULATION_OUTPUT.md	635	path_plantilla=2;path_maestro_original=4	C:\Users\pc\Desktop\ENGREMIAT_OPERATOR\ENGREMIAT_PROJECT_p3_20260619-224903\ARCHIVOS\PLANTILLAS\MAESTRO_ORIGINAL\08_RESULTS\SCENARIO_001_visual_task_management_module\RESULT_002_WORKER_SIMULATION_OUTPUT.md	
6	ARCHIVOS\PLANTILLAS\MAESTRO_ORIGINAL\02_ROADMAPS\ROADMAP_001_VISUAL_TASK_MANAGEMENT_MODULE.md	830	path_plantilla=2;path_maestro_original=4	C:\Users\pc\Desktop\ENGREMIAT_OPERATOR\ENGREMIAT_PROJECT_p3_20260619-224903\ARCHIVOS\PLANTILLAS\MAESTRO_ORIGINAL\02_ROADMAPS\ROADMAP_001_VISUAL_TASK_MANAGEMENT_MODULE.md	
6	ARCHIVOS\PLANTILLAS\MAESTRO_ORIGINAL\07_EVIDENCE\EV_003_VALIDATION_REPORT.md	544	path_plantilla=2;path_maestro_original=4	C:\Users\pc\Desktop\ENGREMIAT_OPERATOR\ENGREMIAT_PROJECT_p3_20260619-224903\ARCHIVOS\PLANTILLAS\MAESTRO_ORIGINAL\07_EVIDENCE\EV_003_VALIDATION_REPORT.md	
6	ARCHIVOS\PLANTILLAS\MAESTRO_ORIGINAL\07_EVIDENCE\EV_002_STRUCTURE_CANVAS.md	552	path_plantilla=2;path_maestro_original=4	C:\Users\pc\Desktop\ENGREMIAT_OPERATOR\ENGREMIAT_PROJECT_p3_20260619-224903\ARCHIVOS\PLANTILLAS\MAESTRO_ORIGINAL\07_EVIDENCE\EV_002_STRUCTURE_CANVAS.md	
6	ARCHIVOS\PLANTILLAS\MAESTRO_ORIGINAL\02_ROADMAPS\SIM_PROJECT_20260619-144124_ROADMAP_PROPOSAL.md	1013	path_plantilla=2;path_maestro_original=4	C:\Users\pc\Desktop\ENGREMIAT_OPERATOR\ENGREMIAT_PROJECT_p3_20260619-224903\ARCHIVOS\PLANTILLAS\MAESTRO_ORIGINAL\02_ROADMAPS\SIM_PROJECT_20260619-144124_ROADMAP_PROPOSAL.md	
6	ARCHIVOS\PLANTILLAS\MAESTRO_ORIGINAL\07_EVIDENCE\SIM_PROJECT_20260619-144124\EV_VALIDATION.md	596	path_plantilla=2;path_maestro_original=4	C:\Users\pc\Desktop\ENGREMIAT_OPERATOR\ENGREMIAT_PROJECT_p3_20260619-224903\ARCHIVOS\PLANTILLAS\MAESTRO_ORIGINAL\07_EVIDENCE\SIM_PROJECT_20260619-144124\EV_VALIDATION.md	
6	ARCHIVOS\PLANTILLAS\MAESTRO_ORIGINAL\07_EVIDENCE\SIM_PROJECT_20260619-144124\EV_STRUCTURE.md	613	path_plantilla=2;path_maestro_original=4	C:\Users\pc\Desktop\ENGREMIAT_OPERATOR\ENGREMIAT_PROJECT_p3_20260619-224903\ARCHIVOS\PLANTILLAS\MAESTRO_ORIGINAL\07_EVIDENCE\SIM_PROJECT_20260619-144124\EV_STRUCTURE.md	
6	ARCHIVOS\PLANTILLAS\MAESTRO_ORIGINAL\07_EVIDENCE\SIM_PROJECT_20260619-144124\EV_SCOPE.md	616	path_plantilla=2;path_maestro_original=4	C:\Users\pc\Desktop\ENGREMIAT_OPERATOR\ENGREMIAT_PROJECT_p3_20260619-224903\ARCHIVOS\PLANTILLAS\MAESTRO_ORIGINAL\07_EVIDENCE\SIM_PROJECT_20260619-144124\EV_SCOPE.md	
6	ARCHIVOS\PLANTILLAS\MAESTRO_ORIGINAL\10_CANVAS\SIM_PROJECT_20260619-152304_prueba1_PROJECT_START.canvas	1691	path_plantilla=2;path_maestro_original=4	C:\Users\pc\Desktop\ENGREMIAT_OPERATOR\ENGREMIAT_PROJECT_p3_20260619-224903\ARCHIVOS\PLANTILLAS\MAESTRO_ORIGINAL\10_CANVAS\SIM_PROJECT_20260619-152304_prueba1_PROJECT_START.canvas	
6	ARCHIVOS\PLANTILLAS\MAESTRO_ORIGINAL\10_CANVAS\SIM_PROJECT_20260619-144124_WORKER_RESULT_CANVAS.canvas	5095	path_plantilla=2;path_maestro_original=4	C:\Users\pc\Desktop\ENGREMIAT_OPERATOR\ENGREMIAT_PROJECT_p3_20260619-224903\ARCHIVOS\PLANTILLAS\MAESTRO_ORIGINAL\10_CANVAS\SIM_PROJECT_20260619-144124_WORKER_RESULT_CANVAS.canvas	
6	ARCHIVOS\PLANTILLAS\MAESTRO_ORIGINAL\10_CANVAS\SIM_PROJECT_20260619-144124_PROJECT_START_CANVAS.canvas	3793	path_plantilla=2;path_maestro_original=4	C:\Users\pc\Desktop\ENGREMIAT_OPERATOR\ENGREMIAT_PROJECT_p3_20260619-224903\ARCHIVOS\PLANTILLAS\MAESTRO_ORIGINAL\10_CANVAS\SIM_PROJECT_20260619-144124_PROJECT_START_CANVAS.canvas	
6	ARCHIVOS\PLANTILLAS\MAESTRO_ORIGINAL\.obsidian\graph.json	1946	path_plantilla=2;path_maestro_original=4	C:\Users\pc\Desktop\ENGREMIAT_OPERATOR\ENGREMIAT_PROJECT_p3_20260619-224903\ARCHIVOS\PLANTILLAS\MAESTRO_ORIGINAL\.obsidian\graph.json	
6	ARCHIVOS\PLANTILLAS\MAESTRO_ORIGINAL\01_OBJECTIVES\SIM_PROJECT_20260619-144124_INTAKE.md	623	path_plantilla=2;path_maestro_original=4	C:\Users\pc\Desktop\ENGREMIAT_OPERATOR\ENGREMIAT_PROJECT_p3_20260619-224903\ARCHIVOS\PLANTILLAS\MAESTRO_ORIGINAL\01_OBJECTIVES\SIM_PROJECT_20260619-144124_INTAKE.md	
6	ARCHIVOS\PLANTILLAS\MAESTRO_ORIGINAL\10_CANVAS\WORKER_SIMULATION_RESULT_CANVAS.canvas	6393	path_plantilla=2;path_maestro_original=4	C:\Users\pc\Desktop\ENGREMIAT_OPERATOR\ENGREMIAT_PROJECT_p3_20260619-224903\ARCHIVOS\PLANTILLAS\MAESTRO_ORIGINAL\10_CANVAS\WORKER_SIMULATION_RESULT_CANVAS.canvas	
6	ARCHIVOS\PLANTILLAS\MAESTRO_ORIGINAL\01_OBJECTIVES\SIM_PROJECT_20260619-152304_prueba1_OBJECTIVE.md	908	path_plantilla=2;path_maestro_original=4	C:\Users\pc\Desktop\ENGREMIAT_OPERATOR\ENGREMIAT_PROJECT_p3_20260619-224903\ARCHIVOS\PLANTILLAS\MAESTRO_ORIGINAL\01_OBJECTIVES\SIM_PROJECT_20260619-152304_prueba1_OBJECTIVE.md	
6	ARCHIVOS\PLANTILLAS\MAESTRO_ORIGINAL\01_OBJECTIVES\SIM_PROJECT_20260619-153101_prueba2_OBJECTIVE.md	370	path_plantilla=2;path_maestro_original=4	C:\Users\pc\Desktop\ENGREMIAT_OPERATOR\ENGREMIAT_PROJECT_p3_20260619-224903\ARCHIVOS\PLANTILLAS\MAESTRO_ORIGINAL\01_OBJECTIVES\SIM_PROJECT_20260619-153101_prueba2_OBJECTIVE.md	
6	ARCHIVOS\PLANTILLAS\MAESTRO_ORIGINAL\01_ROADMAP\ROADMAP_INDEX.md	197	path_plantilla=2;path_maestro_original=4	C:\Users\pc\Desktop\ENGREMIAT_OPERATOR\ENGREMIAT_PROJECT_p3_20260619-224903\ARCHIVOS\PLANTILLAS\MAESTRO_ORIGINAL\01_ROADMAP\ROADMAP_INDEX.md	
6	ARCHIVOS\PLANTILLAS\MAESTRO_ORIGINAL\02_MODULES\PROJECT_MODULES_INDEX.md	329	path_plantilla=2;path_maestro_original=4	C:\Users\pc\Desktop\ENGREMIAT_OPERATOR\ENGREMIAT_PROJECT_p3_20260619-224903\ARCHIVOS\PLANTILLAS\MAESTRO_ORIGINAL\02_MODULES\PROJECT_MODULES_INDEX.md	
6	ARCHIVOS\PLANTILLAS\MAESTRO_ORIGINAL\10_CANVAS\SIMULATION_LAB_CANVAS.canvas	5739	path_plantilla=2;path_maestro_original=4	C:\Users\pc\Desktop\ENGREMIAT_OPERATOR\ENGREMIAT_PROJECT_p3_20260619-224903\ARCHIVOS\PLANTILLAS\MAESTRO_ORIGINAL\10_CANVAS\SIMULATION_LAB_CANVAS.canvas	
6	ARCHIVOS\PLANTILLAS\MAESTRO_ORIGINAL\10_CANVAS\SCENARIO_001_CANVAS.canvas	5646	path_plantilla=2;path_maestro_original=4	C:\Users\pc\Desktop\ENGREMIAT_OPERATOR\ENGREMIAT_PROJECT_p3_20260619-224903\ARCHIVOS\PLANTILLAS\MAESTRO_ORIGINAL\10_CANVAS\SCENARIO_001_CANVAS.canvas	
6	ARCHIVOS\PLANTILLAS\MAESTRO_ORIGINAL\01_OBJECTIVES\SIM_PROJECT_20260619-153021_prueba2_OBJECTIVE.md	341	path_plantilla=2;path_maestro_original=4	C:\Users\pc\Desktop\ENGREMIAT_OPERATOR\ENGREMIAT_PROJECT_p3_20260619-224903\ARCHIVOS\PLANTILLAS\MAESTRO_ORIGINAL\01_OBJECTIVES\SIM_PROJECT_20260619-153021_prueba2_OBJECTIVE.md	
6	ARCHIVOS\PLANTILLAS\MAESTRO_ORIGINAL\03_SIMULATED_TASKS\SIM_PROJECT_20260619-144124_TASK_001_DEFINE_SCOPE.md	643	path_plantilla=2;path_maestro_original=4	C:\Users\pc\Desktop\ENGREMIAT_OPERATOR\ENGREMIAT_PROJECT_p3_20260619-224903\ARCHIVOS\PLANTILLAS\MAESTRO_ORIGINAL\03_SIMULATED_TASKS\SIM_PROJECT_20260619-144124_TASK_001_DEFINE_SCOPE.md	
6	ARCHIVOS\PLANTILLAS\MAESTRO_ORIGINAL\04_SIMULATED_WORKERS\SIM_WORKER_VALIDATOR.md	453	path_plantilla=2;path_maestro_original=4	C:\Users\pc\Desktop\ENGREMIAT_OPERATOR\ENGREMIAT_PROJECT_p3_20260619-224903\ARCHIVOS\PLANTILLAS\MAESTRO_ORIGINAL\04_SIMULATED_WORKERS\SIM_WORKER_VALIDATOR.md	
6	ARCHIVOS\PLANTILLAS\MAESTRO_ORIGINAL\04_SIMULATED_WORKERS\SIM_WORKER_PLANNER.md	440	path_plantilla=2;path_maestro_original=4	C:\Users\pc\Desktop\ENGREMIAT_OPERATOR\ENGREMIAT_PROJECT_p3_20260619-224903\ARCHIVOS\PLANTILLAS\MAESTRO_ORIGINAL\04_SIMULATED_WORKERS\SIM_WORKER_PLANNER.md	
6	ARCHIVOS\PLANTILLAS\MAESTRO_ORIGINAL\04_SIMULATED_WORKERS\RUNS\RUN_002_SIM_WORKER_OBSIDIAN_BUILDER.md	687	path_plantilla=2;path_maestro_original=4	C:\Users\pc\Desktop\ENGREMIAT_OPERATOR\ENGREMIAT_PROJECT_p3_20260619-224903\ARCHIVOS\PLANTILLAS\MAESTRO_ORIGINAL\04_SIMULATED_WORKERS\RUNS\RUN_002_SIM_WORKER_OBSIDIAN_BUILDER.md	
6	ARCHIVOS\PLANTILLAS\MAESTRO_ORIGINAL\04_SIMULATED_WORKERS\RUNS\SIM_PROJECT_20260619-144124\RUN_002_SIM_WORKER_OBSIDIAN_BUILDER.md	609	path_plantilla=2;path_maestro_original=4	C:\Users\pc\Desktop\ENGREMIAT_OPERATOR\ENGREMIAT_PROJECT_p3_20260619-224903\ARCHIVOS\PLANTILLAS\MAESTRO_ORIGINAL\04_SIMULATED_WORKERS\RUNS\SIM_PROJECT_20260619-144124\RUN_002_SIM_WORKER_OBSIDIAN_BUILDER.md	
6	ARCHIVOS\PLANTILLAS\MAESTRO_ORIGINAL\04_SIMULATED_WORKERS\RUNS\SIM_PROJECT_20260619-144124\RUN_001_SIM_WORKER_PLANNER.md	602	path_plantilla=2;path_maestro_original=4	C:\Users\pc\Desktop\ENGREMIAT_OPERATOR\ENGREMIAT_PROJECT_p3_20260619-224903\ARCHIVOS\PLANTILLAS\MAESTRO_ORIGINAL\04_SIMULATED_WORKERS\RUNS\SIM_PROJECT_20260619-144124\RUN_001_SIM_WORKER_PLANNER.md	
6	ARCHIVOS\PLANTILLAS\MAESTRO_ORIGINAL\04_SIMULATED_WORKERS\RUNS\RUN_003_SIM_WORKER_VALIDATOR.md	665	path_plantilla=2;path_maestro_original=4	C:\Users\pc\Desktop\ENGREMIAT_OPERATOR\ENGREMIAT_PROJECT_p3_20260619-224903\ARCHIVOS\PLANTILLAS\MAESTRO_ORIGINAL\04_SIMULATED_WORKERS\RUNS\RUN_003_SIM_WORKER_VALIDATOR.md	
6	ARCHIVOS\PLANTILLAS\MAESTRO_ORIGINAL\04_SIMULATED_WORKERS\SIM_WORKER_OBSIDIAN_BUILDER.md	502	path_plantilla=2;path_maestro_original=4	C:\Users\pc\Desktop\ENGREMIAT_OPERATOR\ENGREMIAT_PROJECT_p3_20260619-224903\ARCHIVOS\PLANTILLAS\MAESTRO_ORIGINAL\04_SIMULATED_WORKERS\SIM_WORKER_OBSIDIAN_BUILDER.md	
6	ARCHIVOS\PLANTILLAS\MAESTRO_ORIGINAL\03_SIMULATED_TASKS\TASK_001_DEFINE_MODULE_SCOPE.md	588	path_plantilla=2;path_maestro_original=4	C:\Users\pc\Desktop\ENGREMIAT_OPERATOR\ENGREMIAT_PROJECT_p3_20260619-224903\ARCHIVOS\PLANTILLAS\MAESTRO_ORIGINAL\03_SIMULATED_TASKS\TASK_001_DEFINE_MODULE_SCOPE.md	
6	ARCHIVOS\PLANTILLAS\MAESTRO_ORIGINAL\03_SIMULATED_TASKS\TASK_002_CREATE_VISUAL_STRUCTURE.md	627	path_plantilla=2;path_maestro_original=4	C:\Users\pc\Desktop\ENGREMIAT_OPERATOR\ENGREMIAT_PROJECT_p3_20260619-224903\ARCHIVOS\PLANTILLAS\MAESTRO_ORIGINAL\03_SIMULATED_TASKS\TASK_002_CREATE_VISUAL_STRUCTURE.md	
6	ARCHIVOS\PLANTILLAS\MAESTRO_ORIGINAL\03_SIMULATED_TASKS\TASK_003_VALIDATE_EVIDENCE.md	608	path_plantilla=2;path_maestro_original=4	C:\Users\pc\Desktop\ENGREMIAT_OPERATOR\ENGREMIAT_PROJECT_p3_20260619-224903\ARCHIVOS\PLANTILLAS\MAESTRO_ORIGINAL\03_SIMULATED_TASKS\TASK_003_VALIDATE_EVIDENCE.md	
6	ARCHIVOS\PLANTILLAS\MAESTRO_ORIGINAL\03_SIMULATED_TASKS\SIM_PROJECT_20260619-152304_prueba1\T03_Preparar_worker_smoke_futuro.md	263	path_plantilla=2;path_maestro_original=4	C:\Users\pc\Desktop\ENGREMIAT_OPERATOR\ENGREMIAT_PROJECT_p3_20260619-224903\ARCHIVOS\PLANTILLAS\MAESTRO_ORIGINAL\03_SIMULATED_TASKS\SIM_PROJECT_20260619-152304_prueba1\T03_Preparar_worker_smoke_futuro.md	
6	ARCHIVOS\PLANTILLAS\MAESTRO_ORIGINAL\03_SIMULATED_TASKS\SIM_PROJECT_20260619-144124_TASK_002_PREPARE_STRUCTURE.md	639	path_plantilla=2;path_maestro_original=4	C:\Users\pc\Desktop\ENGREMIAT_OPERATOR\ENGREMIAT_PROJECT_p3_20260619-224903\ARCHIVOS\PLANTILLAS\MAESTRO_ORIGINAL\03_SIMULATED_TASKS\SIM_PROJECT_20260619-144124_TASK_002_PREPARE_STRUCTURE.md	
6	ARCHIVOS\PLANTILLAS\MAESTRO_ORIGINAL\03_SIMULATED_TASKS\SIM_PROJECT_20260619-144124_TASK_003_VALIDATE_FIRST_EVIDENCE.md	688	path_plantilla=2;path_maestro_original=4	C:\Users\pc\Desktop\ENGREMIAT_OPERATOR\ENGREMIAT_PROJECT_p3_20260619-224903\ARCHIVOS\PLANTILLAS\MAESTRO_ORIGINAL\03_SIMULATED_TASKS\SIM_PROJECT_20260619-144124_TASK_003_VALIDATE_FIRST_EVIDENCE.md	
6	ARCHIVOS\PLANTILLAS\MAESTRO_ORIGINAL\04_EVIDENCE\PROJECT_EVIDENCE_INDEX.md	219	path_plantilla=2;path_maestro_original=4	C:\Users\pc\Desktop\ENGREMIAT_OPERATOR\ENGREMIAT_PROJECT_p3_20260619-224903\ARCHIVOS\PLANTILLAS\MAESTRO_ORIGINAL\04_EVIDENCE\PROJECT_EVIDENCE_INDEX.md	
6	ARCHIVOS\PLANTILLAS\MAESTRO_ORIGINAL\06_REPORTS\PROJECT_REPORTS_INDEX.md	235	path_plantilla=2;path_maestro_original=4	C:\Users\pc\Desktop\ENGREMIAT_OPERATOR\ENGREMIAT_PROJECT_p3_20260619-224903\ARCHIVOS\PLANTILLAS\MAESTRO_ORIGINAL\06_REPORTS\PROJECT_REPORTS_INDEX.md	
6	ARCHIVOS\PLANTILLAS\MAESTRO_ORIGINAL\05_HUMAN_GATES\SIM_PROJECT_20260619-152304_prueba1_GATE_REVIEW_PROJECT_START.md	567	path_plantilla=2;path_maestro_original=4	C:\Users\pc\Desktop\ENGREMIAT_OPERATOR\ENGREMIAT_PROJECT_p3_20260619-224903\ARCHIVOS\PLANTILLAS\MAESTRO_ORIGINAL\05_HUMAN_GATES\SIM_PROJECT_20260619-152304_prueba1_GATE_REVIEW_PROJECT_START.md	
6	ARCHIVOS\PLANTILLAS\MAESTRO_ORIGINAL\05_HUMAN_GATES\SIM_PROJECT_20260619-144124_GATE_VALIDATE_RESULT.md	506	path_plantilla=2;path_maestro_original=4	C:\Users\pc\Desktop\ENGREMIAT_OPERATOR\ENGREMIAT_PROJECT_p3_20260619-224903\ARCHIVOS\PLANTILLAS\MAESTRO_ORIGINAL\05_HUMAN_GATES\SIM_PROJECT_20260619-144124_GATE_VALIDATE_RESULT.md	
6	ARCHIVOS\PLANTILLAS\MAESTRO_ORIGINAL\02_ROADMAPS\SIM_PROJECT_20260619-152304_prueba1_ROADMAP.md	282	path_plantilla=2;path_maestro_original=4	C:\Users\pc\Desktop\ENGREMIAT_OPERATOR\ENGREMIAT_PROJECT_p3_20260619-224903\ARCHIVOS\PLANTILLAS\MAESTRO_ORIGINAL\02_ROADMAPS\SIM_PROJECT_20260619-152304_prueba1_ROADMAP.md	
6	ARCHIVOS\PLANTILLAS\MAESTRO_ORIGINAL\05_HUMAN_GATES\SIM_PROJECT_20260619-153021_prueba2_GATE_REVIEW_PROJECT_START.md	258	path_plantilla=2;path_maestro_original=4	C:\Users\pc\Desktop\ENGREMIAT_OPERATOR\ENGREMIAT_PROJECT_p3_20260619-224903\ARCHIVOS\PLANTILLAS\MAESTRO_ORIGINAL\05_HUMAN_GATES\SIM_PROJECT_20260619-153021_prueba2_GATE_REVIEW_PROJECT_START.md	
6	ARCHIVOS\PLANTILLAS\MAESTRO_ORIGINAL\05_HUMAN_GATES\SIM_PROJECT_20260619-153101_prueba2_GATE_REVIEW_PROJECT_START.md	258	path_plantilla=2;path_maestro_original=4	C:\Users\pc\Desktop\ENGREMIAT_OPERATOR\ENGREMIAT_PROJECT_p3_20260619-224903\ARCHIVOS\PLANTILLAS\MAESTRO_ORIGINAL\05_HUMAN_GATES\SIM_PROJECT_20260619-153101_prueba2_GATE_REVIEW_PROJECT_START.md	
6	ARCHIVOS\PLANTILLAS\MAESTRO_ORIGINAL\02_ROADMAPS\SIM_PROJECT_20260619-153101_prueba2_ROADMAP.md	222	path_plantilla=2;path_maestro_original=4	C:\Users\pc\Desktop\ENGREMIAT_OPERATOR\ENGREMIAT_PROJECT_p3_20260619-224903\ARCHIVOS\PLANTILLAS\MAESTRO_ORIGINAL\02_ROADMAPS\SIM_PROJECT_20260619-153101_prueba2_ROADMAP.md	
6	ARCHIVOS\PLANTILLAS\MAESTRO_ORIGINAL\05_CANVAS\PROJECT_CANVAS.canvas	2954	path_plantilla=2;path_maestro_original=4	C:\Users\pc\Desktop\ENGREMIAT_OPERATOR\ENGREMIAT_PROJECT_p3_20260619-224903\ARCHIVOS\PLANTILLAS\MAESTRO_ORIGINAL\05_CANVAS\PROJECT_CANVAS.canvas	
6	ARCHIVOS\PLANTILLAS\MAESTRO_ORIGINAL\04_SIMULATED_WORKERS\RUNS\SIM_PROJECT_20260619-144124\RUN_003_SIM_WORKER_VALIDATOR.md	590	path_plantilla=2;path_maestro_original=4	C:\Users\pc\Desktop\ENGREMIAT_OPERATOR\ENGREMIAT_PROJECT_p3_20260619-224903\ARCHIVOS\PLANTILLAS\MAESTRO_ORIGINAL\04_SIMULATED_WORKERS\RUNS\SIM_PROJECT_20260619-144124\RUN_003_SIM_WORKER_VALIDATOR.md	
6	ARCHIVOS\PLANTILLAS\MAESTRO_ORIGINAL\02_ROADMAPS\SIM_PROJECT_20260619-153021_prueba2_ROADMAP.md	222	path_plantilla=2;path_maestro_original=4	C:\Users\pc\Desktop\ENGREMIAT_OPERATOR\ENGREMIAT_PROJECT_p3_20260619-224903\ARCHIVOS\PLANTILLAS\MAESTRO_ORIGINAL\02_ROADMAPS\SIM_PROJECT_20260619-153021_prueba2_ROADMAP.md	
6	ARCHIVOS\PLANTILLAS\MAESTRO_ORIGINAL\05_HUMAN_GATES\GATE_001_APPROVE_ROADMAP.md	790	path_plantilla=2;path_maestro_original=4	C:\Users\pc\Desktop\ENGREMIAT_OPERATOR\ENGREMIAT_PROJECT_p3_20260619-224903\ARCHIVOS\PLANTILLAS\MAESTRO_ORIGINAL\05_HUMAN_GATES\GATE_001_APPROVE_ROADMAP.md	
6	ARCHIVOS\PLANTILLAS\MAESTRO_ORIGINAL\05_HUMAN_GATES\SIM_PROJECT_20260619-144124_GATE_APPROVE_ROADMAP.md	546	path_plantilla=2;path_maestro_original=4	C:\Users\pc\Desktop\ENGREMIAT_OPERATOR\ENGREMIAT_PROJECT_p3_20260619-224903\ARCHIVOS\PLANTILLAS\MAESTRO_ORIGINAL\05_HUMAN_GATES\SIM_PROJECT_20260619-144124_GATE_APPROVE_ROADMAP.md	
6	ARCHIVOS\PLANTILLAS\MAESTRO_ORIGINAL\03_DECISIONS\PROJECT_DECISIONS_INDEX.md	221	path_plantilla=2;path_maestro_original=4	C:\Users\pc\Desktop\ENGREMIAT_OPERATOR\ENGREMIAT_PROJECT_p3_20260619-224903\ARCHIVOS\PLANTILLAS\MAESTRO_ORIGINAL\03_DECISIONS\PROJECT_DECISIONS_INDEX.md	
6	ARCHIVOS\PLANTILLAS\MAESTRO_ORIGINAL\05_HUMAN_GATES\GATE_002_ACCEPT_SIMULATED_RESULT.md	634	path_plantilla=2;path_maestro_original=4	C:\Users\pc\Desktop\ENGREMIAT_OPERATOR\ENGREMIAT_PROJECT_p3_20260619-224903\ARCHIVOS\PLANTILLAS\MAESTRO_ORIGINAL\05_HUMAN_GATES\GATE_002_ACCEPT_SIMULATED_RESULT.md	
5	MODULOS\MODULE_inicio\BOVEDA_MODULO\00_CONTROL\module.json	837	path_control=5	C:\Users\pc\Desktop\ENGREMIAT_OPERATOR\ENGREMIAT_PROJECT_p3_20260619-224903\MODULOS\MODULE_inicio\BOVEDA_MODULO\00_CONTROL\module.json	
5	MODULOS\.obsidian\workspace.json	9668	control=3;vista=2	C:\Users\pc\Desktop\ENGREMIAT_OPERATOR\ENGREMIAT_PROJECT_p3_20260619-224903\MODULOS\.obsidian\workspace.json	": false,       "bases:Crear nueva base": false     }   },   "active": "e899993789a1d45b",   "lastOpenFiles": [     "MODULE_inicio/BOVEDA_MODULO/00_PLANTILLA_MAESTRA_REFERENCIA/00_CONTROL/module.json",     "MODULE_inicio/BOVEDA_MODULO/00_PLANTILLA_MAESTRA_REFERENCIA/00_CONTROL/module.template.json",     "MODULE_inicio/BOVEDA_MODULO/00_PLANTILLA_MAESTRA_REFERENCIA/00_CONTROL",     "MODULE_mejorar-plantilla-maestra-y-pantilla-modulo-inicial/BOVEDA_MODULO/10_TRABAJO_MEJORA_PLANTILLAS/90_GATES/GATE_E05_APLICADO.md",     "MODULE_inicio/BOVEDA_MODULO/00_PLANTILLA_MAESTRA_REFERENCIA/10_CANVAS/CANVAS.
5	BOVEDA_PROYECTO\00_CONTROL\project.json	871	path_control=5	C:\Users\pc\Desktop\ENGREMIAT_OPERATOR\ENGREMIAT_PROJECT_p3_20260619-224903\BOVEDA_PROYECTO\00_CONTROL\project.json	
5	BOVEDA_PROYECTO\00_CONTROL\template-source.json	1085	path_control=5	C:\Users\pc\Desktop\ENGREMIAT_OPERATOR\ENGREMIAT_PROJECT_p3_20260619-224903\BOVEDA_PROYECTO\00_CONTROL\template-source.json	
4	BOVEDA_PROYECTO\00_PLANTILLA_MAESTRA_OFICIAL\99_ARCHIVO_ORIGEN\ROADMAP_MODEL_ORIGINAL.md	398	control=1;bloques=1;path_plantilla=2	C:\Users\pc\Desktop\ENGREMIAT_OPERATOR\ENGREMIAT_PROJECT_p3_20260619-224903\BOVEDA_PROYECTO\00_PLANTILLA_MAESTRA_OFICIAL\99_ARCHIVO_ORIGEN\ROADMAP_MODEL_ORIGINAL.md	, bloques y pasos propuestos por el sistema.    ## Campos requeridos  - id  - objective_id  - steps  - status  - approval_gate    ## Relacion  - [[../PROJECT_HOME]]  - [[../00_LAB_CONTROL/SIMULATION_CYCLE]]
4	MODULOS\MODULE_inicio\BOVEDA_MODULO\00_PLANTILLA_MAESTRA_REFERENCIA\README.md	283	control=2;path_plantilla=2	C:\Users\pc\Desktop\ENGREMIAT_OPERATOR\ENGREMIAT_PROJECT_p3_20260619-224903\MODULOS\MODULE_inicio\BOVEDA_MODULO\00_PLANTILLA_MAESTRA_REFERENCIA\README.md	limpia    Crea un modulo navegable y ligero.    Debe tener module.json, README, objetivo, tareas, evidencias y gates.    Contrato operador reparado E07: esta plantilla incluye 00_CONTROL/module.template.json y 00_CONTROL/module.json para instanciacion segura.
4	MODULOS\MODULE_inicio\BOVEDA_MODULO\00_PLANTILLA_MAESTRA_REFERENCIA\.obsidian\workspace.json	4751	vista=2;path_plantilla=2	C:\Users\pc\Desktop\ENGREMIAT_OPERATOR\ENGREMIAT_PROJECT_p3_20260619-224903\MODULOS\MODULE_inicio\BOVEDA_MODULO\00_PLANTILLA_MAESTRA_REFERENCIA\.obsidian\workspace.json	
4	MODULOS\MODULE_mejorar-plantilla-maestra-y-pantilla-modulo-inicial\BOVEDA_MODULO\10_TRABAJO_MEJORA_PLANTILLAS\01_BORRADORES\PROPUESTA_ESTRUCTURA_NORMALIZADA.md	577	control=2;path_plantilla=2	C:\Users\pc\Desktop\ENGREMIAT_OPERATOR\ENGREMIAT_PROJECT_p3_20260619-224903\MODULOS\MODULE_mejorar-plantilla-maestra-y-pantilla-modulo-inicial\BOVEDA_MODULO\10_TRABAJO_MEJORA_PLANTILLAS\01_BORRADORES\PROPUESTA_ESTRUCTURA_NORMALIZADA.md	# Propuesta estructura normalizada    Proyecto nuevo:  BOVEDA_PROYECTO/  BOVEDA_PROYECTO/00_CONTROL/  BOVEDA_PROYECTO/01_OBJETIVO/  BOVEDA_PROYECTO/02_ROADMAP/  BOVEDA_PROYECTO/03_MODULOS/  BOVEDA_PROYECTO/04_EVIDENCIAS/  BOVEDA_PROYECTO/05_GATES/  BOVEDA_PROYECTO/10_CANVAS/  BOVEDA_PROYECTO/90_EXPORTS/  MODULOS/MODULE_inicio/  ARCHIVOS/PLANTILLAS/    Modulo nuevo:  BOVEDA_MODULO/  BOVEDA_MODULO/00_CONTROL/  BOVEDA_MODULO/01_OBJETIVO/  BOVEDA_MODULO/02_TAREAS/  BOVEDA_MODULO/03_EVIDENCIAS/  BOVEDA_MODULO/04_GATES/  BOVEDA_MODULO/10_CANVAS/  BOVEDA_MODULO/90_EXPORTS/
4	BOVEDA_PROYECTO\00_PLANTILLA_MAESTRA_OFICIAL\.obsidian\workspace.json	4751	vista=2;path_plantilla=2	C:\Users\pc\Desktop\ENGREMIAT_OPERATOR\ENGREMIAT_PROJECT_p3_20260619-224903\BOVEDA_PROYECTO\00_PLANTILLA_MAESTRA_OFICIAL\.obsidian\workspace.json	
4	MODULOS\MODULE_mejorar-plantilla-maestra-y-pantilla-modulo-inicial\BOVEDA_MODULO\10_TRABAJO_MEJORA_PLANTILLAS\01_BORRADORES\BORRADOR_CONTRATO_PLANTILLA_MODULO_INICIAL.md	699	control=2;path_plantilla=2	C:\Users\pc\Desktop\ENGREMIAT_OPERATOR\ENGREMIAT_PROJECT_p3_20260619-224903\MODULOS\MODULE_mejorar-plantilla-maestra-y-pantilla-modulo-inicial\BOVEDA_MODULO\10_TRABAJO_MEJORA_PLANTILLAS\01_BORRADORES\BORRADOR_CONTRATO_PLANTILLA_MODULO_INICIAL.md	ato plantilla modulo inicial    Proposito: crear un modulo navegable, con identidad, objetivo, tareas y evidencias, sin duplicar toda la plantilla maestra.    Debe contener:  - 00_CONTROL/module.json  - README del modulo  - Objetivo del modulo  - Tareas iniciales  - Evidencias  - Gates  - Referencia a plantilla maestra oficial    No debe contener:  - Copia pesada innecesaria de toda la boveda  - Rutas largas que rompan Copy-Item  - Historicos no relacionados    Estructura objetivo propuesta:  BOVEDA_MODULO/00_CONTROL  BOVEDA_MODULO/01_OBJETIVO  BOVEDA_MODULO/02_TAREAS  BOVEDA_MODULO/03_EVIDENC
3	BOVEDA_PROYECTO\00_PLANTILLA_MAESTRA_OFICIAL\99_ARCHIVO_ORIGEN\HUMAN_GATE_MODEL_ORIGINAL.md	402	control=1;path_plantilla=2	C:\Users\pc\Desktop\ENGREMIAT_OPERATOR\ENGREMIAT_PROJECT_p3_20260619-224903\BOVEDA_PROYECTO\00_PLANTILLA_MAESTRA_OFICIAL\99_ARCHIVO_ORIGEN\HUMAN_GATE_MODEL_ORIGINAL.md	o de decision humana antes de avanzar.    ## Campos requeridos  - id  - target_id  - question  - options  - decision  - status    ## Relacion  - [[../PROJECT_HOME]]  - [[../00_LAB_CONTROL/SIMULATION_CYCLE]]
3	BOVEDA_PROYECTO\00_PLANTILLA_MAESTRA_OFICIAL\99_ARCHIVO_ORIGEN\TASK_MODEL_ORIGINAL.md	400	control=1;path_plantilla=2	C:\Users\pc\Desktop\ENGREMIAT_OPERATOR\ENGREMIAT_PROJECT_p3_20260619-224903\BOVEDA_PROYECTO\00_PLANTILLA_MAESTRA_OFICIAL\99_ARCHIVO_ORIGEN\TASK_MODEL_ORIGINAL.md	a derivada del roadmap.    ## Campos requeridos  - id  - roadmap_id  - title  - status  - assigned_worker  - expected_evidence    ## Relacion  - [[../PROJECT_HOME]]  - [[../00_LAB_CONTROL/SIMULATION_CYCLE]]
3	BOVEDA_PROYECTO\00_PLANTILLA_MAESTRA_OFICIAL\99_ARCHIVO_ORIGEN\EVIDENCE_MODEL_ORIGINAL.md	386	control=1;path_plantilla=2	C:\Users\pc\Desktop\ENGREMIAT_OPERATOR\ENGREMIAT_PROJECT_p3_20260619-224903\BOVEDA_PROYECTO\00_PLANTILLA_MAESTRA_OFICIAL\99_ARCHIVO_ORIGEN\EVIDENCE_MODEL_ORIGINAL.md	presenta evidencias simuladas y su validacion.    ## Campos requeridos  - id  - source  - summary  - path  - validation_status    ## Relacion  - [[../PROJECT_HOME]]  - [[../00_LAB_CONTROL/SIMULATION_CYCLE]]
3	BOVEDA_PROYECTO\00_PLANTILLA_MAESTRA_OFICIAL\99_ARCHIVO_ORIGEN\RESULT_MODEL_ORIGINAL.md	382	control=1;path_plantilla=2	C:\Users\pc\Desktop\ENGREMIAT_OPERATOR\ENGREMIAT_PROJECT_p3_20260619-224903\BOVEDA_PROYECTO\00_PLANTILLA_MAESTRA_OFICIAL\99_ARCHIVO_ORIGEN\RESULT_MODEL_ORIGINAL.md	esenta el resultado simulado de una tarea o ciclo.    ## Campos requeridos  - id  - source_task  - summary  - accepted  - next    ## Relacion  - [[../PROJECT_HOME]]  - [[../00_LAB_CONTROL/SIMULATION_CYCLE]]
3	BOVEDA_PROYECTO\00_PLANTILLA_MAESTRA_OFICIAL\99_ARCHIVO_ORIGEN\SIM_WORKER_MODEL_ORIGINAL.md	398	control=1;path_plantilla=2	C:\Users\pc\Desktop\ENGREMIAT_OPERATOR\ENGREMIAT_PROJECT_p3_20260619-224903\BOVEDA_PROYECTO\00_PLANTILLA_MAESTRA_OFICIAL\99_ARCHIVO_ORIGEN\SIM_WORKER_MODEL_ORIGINAL.md	enta un worker ficticio y sus capacidades simuladas.    ## Campos requeridos  - id  - name  - capabilities  - limits  - status    ## Relacion  - [[../PROJECT_HOME]]  - [[../00_LAB_CONTROL/SIMULATION_CYCLE]]
3	BOVEDA_PROYECTO\00_PLANTILLA_MAESTRA_OFICIAL\99_ARCHIVO_ORIGEN\OBJECTIVE_MODEL_ORIGINAL.md	410	control=1;path_plantilla=2	C:\Users\pc\Desktop\ENGREMIAT_OPERATOR\ENGREMIAT_PROJECT_p3_20260619-224903\BOVEDA_PROYECTO\00_PLANTILLA_MAESTRA_OFICIAL\99_ARCHIVO_ORIGEN\OBJECTIVE_MODEL_ORIGINAL.md	humano inicial y su estado de aprobacion.    ## Campos requeridos  - id  - title  - intent  - status  - human_decision  - next    ## Relacion  - [[../PROJECT_HOME]]  - [[../00_LAB_CONTROL/SIMULATION_CYCLE]]
3	BOVEDA_PROYECTO\00_PLANTILLA_MAESTRA_OFICIAL\99_ARCHIVO_ORIGEN\README_ORIGEN.md	402	operativo=1;path_plantilla=2	C:\Users\pc\Desktop\ENGREMIAT_OPERATOR\ENGREMIAT_PROJECT_p3_20260619-224903\BOVEDA_PROYECTO\00_PLANTILLA_MAESTRA_OFICIAL\99_ARCHIVO_ORIGEN\README_ORIGEN.md	
3	BOVEDA_PROYECTO\00_PLANTILLA_MAESTRA_OFICIAL\00_HOME\PROJECT_HOME.md	845	control=1;path_plantilla=2	C:\Users\pc\Desktop\ENGREMIAT_OPERATOR\ENGREMIAT_PROJECT_p3_20260619-224903\BOVEDA_PROYECTO\00_PLANTILLA_MAESTRA_OFICIAL\00_HOME\PROJECT_HOME.md	L]] -> [[RESULT_MODEL]] -> [[DECISION_MODEL]]    ## Superficies  - Canvas principal: [[PROJECT_CANVAS.canvas]]  - Workers: [[WORKER_MODEL]]  - Archivo origen: [[README_ORIGEN]]  - Control: [[project.template]] / [[project]] / [[template-source]]    ## Comandos humanos  1. Abrir objetivo: [[OBJECTIVE_MODEL]]  2. Abrir roadmap: [[ROADMAP_MODEL]]  3. Abrir modulos: [[MODULES_INDEX]]  4. Abrir tareas: [[TASK_MODEL]]  5. Abrir gates: [[HUMAN_GATE_MODEL]]  6. Abrir evidencias: [[EVIDENCE_MODEL]]  7. Abrir resultados: [[RESULT_MODEL]]  8. Abrir decisiones: [[DECISION_MODEL]]
3	MODULOS\MODULE_mejorar-plantilla-maestra-y-pantilla-modulo-inicial\BOVEDA_MODULO\10_TRABAJO_MEJORA_PLANTILLAS\01_BORRADORES\BORRADOR_CONTRATO_PLANTILLA_MAESTRA.md	719	control=1;path_plantilla=2	C:\Users\pc\Desktop\ENGREMIAT_OPERATOR\ENGREMIAT_PROJECT_p3_20260619-224903\MODULOS\MODULE_mejorar-plantilla-maestra-y-pantilla-modulo-inicial\BOVEDA_MODULO\10_TRABAJO_MEJORA_PLANTILLAS\01_BORRADORES\BORRADOR_CONTRATO_PLANTILLA_MAESTRA.md	ricos accidentales  - Pruebas sueltas  - Modulos importados como ruido  - Rutas absolutas antiguas salvo manifiesto de origen    Estructura objetivo propuesta:  BOVEDA_PROYECTO/00_CONTROL  BOVEDA_PROYECTO/01_OBJETIVO  BOVEDA_PROYECTO/02_ROADMAP  BOVEDA_PROYECTO/03_MODULOS  BOVEDA_PROYECTO/04_EVIDENCIAS  BOVEDA_PROYECTO/05_GATES  BOVEDA_PROYECTO/10_CANVAS  BOVEDA_PROYECTO/90_EXPORTS
3	MODULOS\MODULE_mejorar-plantilla-maestra-y-pantilla-modulo-inicial\BOVEDA_MODULO\README_MODULE_mejorar-plantilla-maestra-y-pantilla-modulo-inicial.md	572	vista=1;path_plantilla=2	C:\Users\pc\Desktop\ENGREMIAT_OPERATOR\ENGREMIAT_PROJECT_p3_20260619-224903\MODULOS\MODULE_mejorar-plantilla-maestra-y-pantilla-modulo-inicial\BOVEDA_MODULO\README_MODULE_mejorar-plantilla-maestra-y-pantilla-modulo-inicial.md	
3	BOVEDA_PROYECTO\00_PLANTILLA_MAESTRA_OFICIAL\03_MODULOS\MODULES_INDEX.md	383	control=1;path_plantilla=2	C:\Users\pc\Desktop\ENGREMIAT_OPERATOR\ENGREMIAT_PROJECT_p3_20260619-224903\BOVEDA_PROYECTO\00_PLANTILLA_MAESTRA_OFICIAL\03_MODULOS\MODULES_INDEX.md	Siguiente: [[TASK_MODEL]]    ## Contrato de modulo  Cada modulo debe tener BOVEDA_MODULO, 00_CONTROL/module.json, objetivo, tareas, evidencias y gates.    ## Relacion  Los modulos agrupan [[TASK_MODEL]], producen [[EVIDENCE_MODEL]] y pasan por [[HUMAN_GATE_MODEL]].    ## Ejemplos  Ver carpeta EJEMPLOS_MODULOS_REALES.
3	MODULOS\MODULE_mejorar-plantilla-maestra-y-pantilla-modulo-inicial\BOVEDA_MODULO\MODULE_INDEX.md	237	control=1;path_plantilla=2	C:\Users\pc\Desktop\ENGREMIAT_OPERATOR\ENGREMIAT_PROJECT_p3_20260619-224903\MODULOS\MODULE_mejorar-plantilla-maestra-y-pantilla-modulo-inicial\BOVEDA_MODULO\MODULE_INDEX.md	# INDEX MODULE_mejorar-plantilla-maestra-y-pantilla-modulo-inicial    - 00_CONTROL/module.json  - README_MODULE_mejorar-plantilla-maestra-y-pantilla-modulo-inicial.md  - 00_PLANTILLA_MAESTRA_REFERENCIA/SOURCE_TEMPLATE_REFERENCE.json
2	MODULOS\MODULE_mejorar-plantilla-maestra-y-pantilla-modulo-inicial\BOVEDA_MODULO\00_PLANTILLA_MAESTRA_REFERENCIA\SOURCE_TEMPLATE_REFERENCE.json	404	path_plantilla=2	C:\Users\pc\Desktop\ENGREMIAT_OPERATOR\ENGREMIAT_PROJECT_p3_20260619-224903\MODULOS\MODULE_mejorar-plantilla-maestra-y-pantilla-modulo-inicial\BOVEDA_MODULO\00_PLANTILLA_MAESTRA_REFERENCIA\SOURCE_TEMPLATE_REFERENCE.json	
2	MODULOS\MODULE_mejorar-plantilla-maestra-y-pantilla-modulo-inicial\BOVEDA_MODULO\10_TRABAJO_MEJORA_PLANTILLAS\90_GATES\GATE_APLICAR_MEJORA_PLANTILLAS.md	263	path_plantilla=2	C:\Users\pc\Desktop\ENGREMIAT_OPERATOR\ENGREMIAT_PROJECT_p3_20260619-224903\MODULOS\MODULE_mejorar-plantilla-maestra-y-pantilla-modulo-inicial\BOVEDA_MODULO\10_TRABAJO_MEJORA_PLANTILLAS\90_GATES\GATE_APLICAR_MEJORA_PLANTILLAS.md	
